<?xml version="1.0"?>
<doc>
    <assembly>
        <name>AnsiConsole</name>
    </assembly>
    <members>
        <member name="T:AnsiConsole.ConsoleEx">
            <summary>
            Limited extension of <see cref="T:System.Console"/> adding support
            for colorizing text using ANSI color characters.
            </summary>
        </member>
        <member name="P:AnsiConsole.ConsoleEx.EnabledAnsi">
            <summary>
            When enabled, ANSI color codes are written to the console.
            Otherwise the default color-buffers are used.
            </summary>
        </member>
        <member name="P:AnsiConsole.ConsoleEx.Out">
            <summary>
            Gets the standard output stream wrapped in an <see cref="T:AnsiConsole.AnsiWriter"/>.
            </summary>
        </member>
        <member name="P:AnsiConsole.ConsoleEx.Error">
            <summary>
            Gets the standard error stream wrapped in an <see cref="T:AnsiConsole.AnsiWriter"/>.
            </summary>
        </member>
        <member name="T:AnsiConsole.AnsiWriter">
            <summary>
            Supports writing strings and ANSI color codes to a <see cref="T:System.IO.TextWriter"/>.
            </summary>
        </member>
        <member name="P:AnsiConsole.AnsiWriter.AnsiEnabled">
            <summary>
            When enabled, ANSI color codes are written to the console.
            Otherwise the default color-buffers are used.
            </summary>
        </member>
        <member name="P:AnsiConsole.AnsiWriter.Writer">
            <summary>
            The underlying <see cref="T:System.IO.TextWriter"/>.
            </summary>
        </member>
        <member name="M:AnsiConsole.AnsiWriter.#ctor(System.IO.TextWriter,System.Boolean)">
            <summary>
            Creates a new instance of <see cref="T:AnsiConsole.AnsiWriter"/>
            using the specified <paramref name="writer"/>.
            </summary>
        </member>
        <member name="M:AnsiConsole.AnsiWriter.Write(System.Char)">
            <summary>
            Writes a character to the text string or stream.
            </summary>
            <param name="value">The character to write to the text stream.</param>
        </member>
        <member name="M:AnsiConsole.AnsiWriter.Write(System.String)">
            <summary>
            Writes a string to the text string or stream.
            </summary>
            <param name="value">The string to write.</param>
        </member>
        <member name="M:AnsiConsole.AnsiWriter.Write(System.Object)">
            <summary>
            Writes the text representation of an object to the text string
            or stream by calling the ToString method on that object.
            </summary>
            <param name="value">The object to write.</param>
        </member>
        <member name="M:AnsiConsole.AnsiWriter.WriteLine">
            <summary>
            Writes a line terminator to the text string or stream.
            </summary>
        </member>
        <member name="M:AnsiConsole.AnsiWriter.WriteLine(System.String)">
            <summary>
            Writes a string followed by a line terminator to the text string or stream.
            </summary>
            <param name="value">The string to write.</param>
        </member>
        <member name="M:AnsiConsole.AnsiWriter.WriteLine(System.Object)">
            <summary>
            Writes the text representation of an object by calling the ToString method
            on that object, followed by a line terminator to the text string or stream.
            </summary>
            <param name="value">The object to write.</param>
        </member>
        <member name="M:AnsiConsole.AnsiWriter.Write(System.Char,System.ConsoleColor)">
            <summary>
            Writes a character to the text string or stream using
            the specified <paramref name="color"/>.
            </summary>
            <param name="value">The character to write to the text stream.</param>
            <param name="color">The color set before writing the string.</param>
        </member>
        <member name="M:AnsiConsole.AnsiWriter.Write(System.String,System.ConsoleColor)">
            <summary>
            Writes a string to the text string or stream using
            the specified <paramref name="color"/>.
            </summary>
            <param name="value">The string to write.</param>
            <param name="color">The color set before writing the string.</param>
        </member>
        <member name="M:AnsiConsole.AnsiWriter.Write(System.Object,System.ConsoleColor)">
            <summary>
            Writes the text representation of an object to the text
            string or stream using the specified <paramref name="color"/>
            by calling the ToString method on that object.
            </summary>
            <param name="value">The object to write.</param>
            <param name="color">The color set before writing the string.</param>
        </member>
        <member name="M:AnsiConsole.AnsiWriter.WriteLine(System.String,System.ConsoleColor)">
            <summary>
            Writes a string followed by a line terminator to the text
            string or stream using the specified <paramref name="color"/>.
            </summary>
            <param name="value">The string to write.</param>
            <param name="color">The color set before writing the string.</param>
        </member>
        <member name="M:AnsiConsole.AnsiWriter.WriteLine(System.Object,System.ConsoleColor)">
            <summary>
            Writes the text representation of an object by calling the ToString method
            on that object using the specified <paramref name="color"/>, followed by
            a line terminator to the text string or stream.
            </summary>
            <param name="value">The object to write.</param>
            <param name="color">The color set before writing the string.</param>
        </member>
        <member name="M:AnsiConsole.AnsiWriter.SetForegroundColor(System.ConsoleColor)">
            <summary>
            Sets the foreground color of the console.
            </summary>
        </member>
        <member name="M:AnsiConsole.AnsiWriter.ResetColor">
            <summary>
            Sets the foreground and background console colors to their defaults.
            </summary>
        </member>
    </members>
</doc>
